[
  { "Name": "of Protection", "Description": "+2 armor value", "Value": 2, "Weight": 15, "StatType": "Armor" },
  { "Name": "of Vitality", "Description": "+10 maximum health", "Value": 10, "Weight": 15, "StatType": "Health" },
  { "Name": "of Swiftness", "Description": "+0.1 attack speed", "Value": 0.1, "Weight": 15, "StatType": "AttackSpeed" },
  { "Name": "of Power", "Description": "+3 base damage", "Value": 3, "Weight": 15, "StatType": "Damage" },
  { "Name": "of Recovery", "Description": "+1 health regeneration", "Value": 1, "Weight": 15, "StatType": "HealthRegen" },
  { "Name": "of Intelligence", "Description": "+2 Intelligence stat", "Value": 2, "Weight": 15, "StatType": "INT" },
  { "Name": "of Strength", "Description": "+2 Strength stat", "Value": 2, "Weight": 15, "StatType": "STR" },
  { "Name": "of Agility", "Description": "+2 Agility stat", "Value": 2, "Weight": 15, "StatType": "AGI" },
  { "Name": "of Technique", "Description": "+2 Technique stat", "Value": 2, "Weight": 15, "StatType": "TEC" },
  { "Name": "of Accuracy", "Description": "+1 to attack rolls", "Value": 1, "Weight": 20, "StatType": "RollBonus" },
  { "Name": "of Fortification", "Description": "+5 armor value", "Value": 5, "Weight": 8, "StatType": "Armor" },
  { "Name": "of Vigor", "Description": "+20 maximum health", "Value": 20, "Weight": 8, "StatType": "Health" },
  { "Name": "of Alacrity", "Description": "+0.2 attack speed", "Value": 0.2, "Weight": 8, "StatType": "AttackSpeed" },
  { "Name": "of Might", "Description": "+6 base damage", "Value": 6, "Weight": 8, "StatType": "Damage" },
  { "Name": "of Resilience", "Description": "+3 health regeneration", "Value": 3, "Weight": 8, "StatType": "HealthRegen" },
  { "Name": "of the Bear", "Description": "+3 Strength, +1 armor", "Value": 3, "Weight": 5, "StatType": "STR" },
  { "Name": "of the Cat", "Description": "+3 Agility, +0.1 speed", "Value": 3, "Weight": 5, "StatType": "AGI" },
  { "Name": "of the Owl", "Description": "+3 Intelligence, +5 health", "Value": 3, "Weight": 5, "StatType": "INT" },
  { "Name": "of the Hawk", "Description": "+3 Technique, +2 damage", "Value": 3, "Weight": 5, "StatType": "TEC" },
  { "Name": "of Precision", "Description": "+2 to attack rolls", "Value": 2, "Weight": 12, "StatType": "RollBonus" },
  { "Name": "of Warding", "Description": "+8 armor value", "Value": 8, "Weight": 4, "StatType": "Armor" },
  { "Name": "of Endurance", "Description": "+30 maximum health", "Value": 30, "Weight": 4, "StatType": "Health" },
  { "Name": "of Haste", "Description": "+0.3 attack speed", "Value": 0.3, "Weight": 4, "StatType": "AttackSpeed" },
  { "Name": "of Destruction", "Description": "+10 base damage", "Value": 10, "Weight": 4, "StatType": "Damage" },
  { "Name": "of Regeneration", "Description": "+5 health regeneration", "Value": 5, "Weight": 4, "StatType": "HealthRegen" },
  { "Name": "of the Titan", "Description": "+5 Strength, +15 health", "Value": 5, "Weight": 3, "StatType": "STR" },
  { "Name": "of the Wind", "Description": "+5 Agility, +0.2 speed", "Value": 5, "Weight": 3, "StatType": "AGI" },
  { "Name": "of the Sage", "Description": "+5 Intelligence, +3 regen", "Value": 5, "Weight": 3, "StatType": "INT" },
  { "Name": "of the Master", "Description": "+5 Technique, +5 damage", "Value": 5, "Weight": 3, "StatType": "TEC" },
  { "Name": "of the Marksman", "Description": "+3 to attack rolls", "Value": 3, "Weight": 6, "StatType": "RollBonus" },
  { "Name": "of Invulnerability", "Description": "+12 armor value", "Value": 12, "Weight": 2, "StatType": "Armor" },
  { "Name": "of Immortality", "Description": "+50 maximum health", "Value": 50, "Weight": 2, "StatType": "Health" },
  { "Name": "of Lightning", "Description": "+0.5 attack speed", "Value": 0.5, "Weight": 2, "StatType": "AttackSpeed" },
  { "Name": "of Annihilation", "Description": "+15 base damage", "Value": 15, "Weight": 2, "StatType": "Damage" },
  { "Name": "of the Phoenix", "Description": "+10 health regen", "Value": 10, "Weight": 2, "StatType": "HealthRegen" },
  { "Name": "of the Colossus", "Description": "+8 Strength, +25 health", "Value": 8, "Weight": 1, "StatType": "STR" },
  { "Name": "of the Storm", "Description": "+8 Agility, +0.3 speed", "Value": 8, "Weight": 1, "StatType": "AGI" },
  { "Name": "of the Archmage", "Description": "+8 Intelligence, +8 damage", "Value": 8, "Weight": 1, "StatType": "INT" },
  { "Name": "of the Grandmaster", "Description": "+8 Technique, +10 damage", "Value": 8, "Weight": 1, "StatType": "TEC" },
  { "Name": "of the Gods", "Description": "+10 to all stats", "Value": 10, "Weight": 1, "StatType": "ALL" }
]
