[
  { "DiceResult": 1, "ItemRank": "Common", "Name": "Worn", "Description": "-1 to -3 damage", "Effect": "damage", "MinValue": -3, "MaxValue": -1 },
  { "DiceResult": 2, "ItemRank": "Common", "Name": "Dull", "Description": "5% slower attack speed", "Effect": "speedMultiplier", "MinValue": 0.95, "MaxValue": 0.95 },
  { "DiceResult": 3, "ItemRank": "Common", "Name": "Sturdy", "Description": "+1 to +2 damage", "Effect": "damage", "MinValue": 1, "MaxValue": 2 },
  { "DiceResult": 4, "ItemRank": "Common", "Name": "Balanced", "Description": "+1 to attack rolls", "Effect": "rollBonus", "MinValue": 1, "MaxValue": 1 },
  { "DiceResult": 5, "ItemRank": "Uncommon", "Name": "Sharp", "Description": "+3 to +5 damage", "Effect": "damage", "MinValue": 3, "MaxValue": 5 },
  { "DiceResult": 6, "ItemRank": "Uncommon", "Name": "Swift", "Description": "10% faster attack speed", "Effect": "speedMultiplier", "MinValue": 1.1, "MaxValue": 1.1 },
  { "DiceResult": 7, "ItemRank": "Uncommon", "Name": "Precise", "Description": "+2 to attack rolls", "Effect": "rollBonus", "MinValue": 2, "MaxValue": 2 },
  { "DiceResult": 8, "ItemRank": "Uncommon", "Name": "Reinforced", "Description": "+5 to +10 durability", "Effect": "durability", "MinValue": 5, "MaxValue": 10 },
  { "DiceResult": 9, "ItemRank": "Rare", "Name": "Keen", "Description": "+6 to +8 damage", "Effect": "damage", "MinValue": 6, "MaxValue": 8 },
  { "DiceResult": 10, "ItemRank": "Rare", "Name": "Agile", "Description": "20% faster attack speed", "Effect": "speedMultiplier", "MinValue": 1.2, "MaxValue": 1.2 },
  { "DiceResult": 11, "ItemRank": "Rare", "Name": "Lucky", "Description": "+3 to attack rolls", "Effect": "rollBonus", "MinValue": 3, "MaxValue": 3 },
  { "DiceResult": 12, "ItemRank": "Rare", "Name": "Vampiric", "Description": "1-3% lifesteal on hit", "Effect": "lifesteal", "MinValue": 0.01, "MaxValue": 0.03 },
  { "DiceResult": 13, "ItemRank": "Epic", "Name": "Brutal", "Description": "+10 to +15 damage", "Effect": "damage", "MinValue": 10, "MaxValue": 15 },
  { "DiceResult": 14, "ItemRank": "Epic", "Name": "Lightning", "Description": "30% faster attack speed", "Effect": "speedMultiplier", "MinValue": 1.3, "MaxValue": 1.3 },
  { "DiceResult": 15, "ItemRank": "Epic", "Name": "Blessed", "Description": "+4 to attack rolls", "Effect": "rollBonus", "MinValue": 4, "MaxValue": 4 },
  { "DiceResult": 16, "ItemRank": "Epic", "Name": "Venomous", "Description": "50% chance to cause bleeding", "Effect": "bleedChance", "MinValue": 0.5, "MaxValue": 0.5 },
  { "DiceResult": 17, "ItemRank": "Legendary", "Name": "Masterwork", "Description": "50% more damage", "Effect": "damageMultiplier", "MinValue": 1.5, "MaxValue": 1.5 },
  { "DiceResult": 18, "ItemRank": "Legendary", "Name": "Ethereal", "Description": "40% faster attack speed", "Effect": "speedMultiplier", "MinValue": 1.4, "MaxValue": 1.4 },
  { "DiceResult": 19, "ItemRank": "Legendary", "Name": "Enchanted", "Description": "5%-15% Unique Action Chance", "Effect": "uniqueActionChance", "MinValue": 0.05, "MaxValue": 0.15 },
  { "DiceResult": 20, "ItemRank": "Legendary", "Name": "Godlike", "Description": "+5 to attack rolls & +1 STR", "Effect": "godlike", "MinValue": 5, "MaxValue": 5 },
  { "DiceResult": 21, "ItemRank": "Mythic", "Name": "Annihilation", "Description": "Double damage on all attacks", "Effect": "damageMultiplier", "MinValue": 2.0, "MaxValue": 2.0 },
  { "DiceResult": 22, "ItemRank": "Mythic", "Name": "Time Warp", "Description": "50% faster attack speed", "Effect": "speedMultiplier", "MinValue": 1.5, "MaxValue": 1.5 },
  { "DiceResult": 23, "ItemRank": "Mythic", "Name": "Perfect", "Description": "All attacks automatically succeed", "Effect": "autoSuccess", "MinValue": 1, "MaxValue": 1 },
  { "DiceResult": 24, "ItemRank": "Mythic", "Name": "Divine", "Description": "ADD +3 TO MODS AND REROLL", "Effect": "reroll", "MinValue": 3, "MaxValue": 3 }
]
